Designator,Val,Package,Mid X,Mid Y,Rotation,Layer
C1,10n,C_0805_2012Metric,137.0025,-48.22,0.0,top
C10,10n,C_0805_2012Metric,117.8,-40.2,180.0,top
C11,4.7u,C_0805_2012Metric,83.6,-41.725,180.0,top
C12,1u,C_0805_2012Metric,83.6,-59.325,0.0,top
C13,2.2u,C_0603_1608Metric,88.6,-49.925,90.0,top
C14,2.2u,C_0603_1608Metric,76.2,-45.725,180.0,top
C15,4.7u,C_0805_2012Metric,79.61,-41.725,0.0,top
C16,10u,C_0805_2012Metric,84.45,-84.4,180.0,top
C17,10u,C_0805_2012Metric,75.3,-84.4,180.0,top
C18,10u,C_0805_2012Metric,76.45,-23.769,180.0,top
C19,10u,C_0805_2012Metric,86.05,-23.569,180.0,top
C2,10n,C_0805_2012Metric,137.0025,-45.28,0.0,top
C20,1u,C_0805_2012Metric,154.85,-45.6,180.0,top
C21,1u,C_0805_2012Metric,163.0,-48.2,180.0,top
C22,1u,C_0805_2012Metric,154.85,-42.2,180.0,top
C23,0.1u,C_0805_2012Metric,122.4,-35.05,-90.0,top
C24,0.1u,C_0805_2012Metric,113.8,-30.98,90.0,top
C25,0.1u,C_0805_2012Metric,107.925,-33.725,-90.0,top
C26,0.1u,C_0805_2012Metric,99.125,-29.725,90.0,top
C27,0.1u,C_0805_2012Metric,121.9,-40.2,180.0,top
C28,0.1u,C_0805_2012Metric,117.8,-48.8,180.0,top
C29,0.1u,C_0805_2012Metric,145.47,-39.82,0.0,top
C3,20n,C_0805_2012Metric,141.42,-39.82,180.0,top
C30,0.1u,C_0805_2012Metric,141.42,-48.22,180.0,top
C31,0.1u,C_0805_2012Metric,163.0,-39.8,0.0,top
C32,4.7n,C_0805_2012Metric,106.345,-77.42,180.0,top
C33,10p,C_0603_1608Metric,106.52,-68.35,180.0,top
C34,11u,C_0805_2012Metric,107.02,-53.92,-90.0,top
C35,23.7u,C_0805_2012Metric,100.62,-49.4575,90.0,top
C36,11u,C_0805_2012Metric,107.02,-49.4575,90.0,top
C37,115n,C_0805_2012Metric,104.08395,-62.12,-90.0,top
C38,11u,C_0805_2012Metric,97.62,-57.87,90.0,top
C39,1u,C_0805_2012Metric,114.64,-63.85,180.0,top
C4,220n,C_0805_2012Metric,107.925,-25.175,-90.0,top
C40,10n,C_0805_2012Metric,114.64,-57.45,0.0,top
C41,10n,C_0805_2012Metric,136.81,-66.555,0.0,top
C42,20n,C_0805_2012Metric,141.01,-57.555,180.0,top
C43,10n,C_0805_2012Metric,136.81,-63.238332,0.0,top
C44,1u,C_0805_2012Metric,154.45,-63.4,180.0,top
C45,1u,C_0805_2012Metric,162.8,-66.2,180.0,top
C46,1u,C_0805_2012Metric,154.45,-60.2,180.0,top
C47,0.1u,C_0805_2012Metric,162.8,-57.6,0.0,top
C48,0.1u,C_0805_2012Metric,123.6,-77.6,90.0,top
C49,0.1u,C_0805_2012Metric,114.4,-77.4,-90.0,top
C5,220n,C_0805_2012Metric,104.991667,-25.175,-90.0,top
C50,0.1u,C_0805_2012Metric,102.095,-68.62,0.0,top
C51,0.1u,C_0805_2012Metric,98.095,-77.42,180.0,top
C52,0.1u,C_0805_2012Metric,97.62,-53.67,90.0,top
C53,0.1u,C_0805_2012Metric,107.02,-57.87,-90.0,top
C54,0.1u,C_0805_2012Metric,119.04,-66.85,180.0,top
C55,0.1u,C_0805_2012Metric,123.04,-57.45,180.0,top
C56,0.1u,C_0805_2012Metric,145.01,-57.555,180.0,top
C57,0.1u,C_0805_2012Metric,141.06,-66.555,180.0,top
C58,0.1u,C_0805_2012Metric,156.65,-29.8375,-90.0,top
C6,220n,C_0805_2012Metric,102.058334,-25.175,-90.0,top
C7,100n,C_0805_2012Metric,99.125,-38.275,90.0,top
C8,25n,C_0805_2012Metric,102.125,-38.325,-90.0,top
C9,1u,C_0805_2012Metric,107.925,-38.275,90.0,top
J1,JSL-PH-02,JST_PH_B2B-PH-K_1x02_P2.00mm_Vertical,73.8,-40.325,90.0,top
J4,Conn_01x20_Pin,PinSocket_1x20_P2.54mm_Vertical,131.87,-83.8,-90.0,top
J7,Conn_01x20_Pin,PinSocket_1x20_P2.54mm_Vertical,141.51,-25.0,-90.0,top
R1,560,R_0805_2012Metric,122.37,-31.05,-90.0,top
R10,100k,R_0603_1608Metric,103.325,-41.525,0.0,top
R11,180k,R_0805_2012Metric,104.925,-38.295,90.0,top
R12,1M,R_0805_2012Metric,107.2875,-41.7,180.0,top
R13,100k,R_0603_1608Metric,114.2,-40.6,90.0,top
R14,220,R_0805_2012Metric,114.4,-45.7125,-90.0,top
R15,100k,R_0603_1608Metric,166.4,-42.15,-90.0,top
R16,100k,R_0603_1608Metric,166.4,-45.575,-90.0,top
R17,1MEG,R_0805_2012Metric,159.0,-48.2,0.0,top
R18,100k,R_0603_1608Metric,154.63,-39.6,0.0,top
R19,100k,R_0603_1608Metric,158.775,-39.6,0.0,top
R2,318.3k,R_0603_1608Metric,136.7825,-39.48,0.0,top
R20,560,R_0805_2012Metric,117.0875,-74.375,0.0,top
R21,560,R_0805_2012Metric,121.0,-74.375,180.0,top
R22,270k,R_0805_2012Metric,106.365,-74.3,0.0,top
R23,270k,R_0805_2012Metric,106.295,-71.22,0.0,top
R24,49.9k,R_0805_2012Metric,103.62,-49.4775,-90.0,top
R25,12.7k,R_0805_2012Metric,97.65,-49.4775,-90.0,top
R26,12.1k,R_0805_2012Metric,107.02,-62.12,90.0,top
R27,11.3k,R_0805_2012Metric,95.22,-62.12,-90.0,top
R28,2.49k,R_0805_2012Metric,97.62,-62.12,90.0,top
R29,301,R_0805_2012Metric,100.62,-62.12,-90.0,top
R3,318.3k,R_0603_1608Metric,136.82,-42.02,0.0,top
R30,1M,R_0805_2012Metric,114.66,-66.85,180.0,top
R31,20.3k,R_0805_2012Metric,119.04,-57.45,0.0,top
R32,67.8,R_0805_2012Metric,114.66,-60.45,0.0,top
R33,318.3k,R_0603_1608Metric,136.59,-57.355,0.0,top
R34,159.2k,R_0603_1608Metric,148.61,-63.155,-90.0,top
R35,318.3k,R_0603_1608Metric,136.59,-60.171666,0.0,top
R36,5k,R_0603_1608Metric,148.61,-58.155,90.0,top
R37,95k,R_0402_1005Metric,144.41,-66.445,90.0,top
R38,100k,R_0603_1608Metric,166.4,-59.8,-90.0,top
R39,1MEG,R_0805_2012Metric,158.8875,-66.2,0.0,top
R4,159.2k,R_0603_1608Metric,148.82,-45.22,-90.0,top
R40,100k,R_0603_1608Metric,154.25,-57.4,0.0,top
R41,100k,R_0603_1608Metric,166.4,-63.175,-90.0,top
R42,100k,R_0603_1608Metric,158.6,-57.4,0.0,top
R43,10k,R_0805_2012Metric,163.85,-33.52,-90.0,top
R44,10k,R_0805_2012Metric,161.45,-33.52,90.0,top
R45,10k,R_0805_2012Metric,159.05,-33.52,90.0,top
R46,10k,R_0805_2012Metric,166.25,-33.52,-90.0,top
R47,1.5k,R_0805_2012Metric,156.65,-33.52,-90.0,top
R48,1.5k,R_0805_2012Metric,166.25,-29.8575,90.0,top
R5,5k,R_0603_1608Metric,149.02,-40.22,90.0,top
R51,66.7k,R_0805_2012Metric,89.0,-59.125,180.0,top
R52,100k,R_0603_1608Metric,89.4,-41.725,0.0,top
R53,63.9k,R_0603_1608Metric,76.4,-59.325,0.0,top
R54,100k,R_0603_1608Metric,77.0,-50.125,90.0,top
R6,95k,R_0402_1005Metric,144.42,-48.22,90.0,top
R7,47k,R_0805_2012Metric,107.955,-29.6375,90.0,top
R8,220k,R_0805_2012Metric,99.155,-25.155,-90.0,top
R9,180k,R_0805_2012Metric,99.155,-33.725,90.0,top
S1,K3-1280S-F1,SW_JS102011SAQN,77.25,-78.4,-90.0,top
S13,K3-1280S-F1,SW_JS102011SAQN,100.8,-81.45,0.0,top
S14,K3-1280S-F1,SW_JS102011SAQN,144.4,-75.65,0.0,top
S15,K3-1280S-F1,SW_JS102011SAQN,131.14,-75.45,0.0,top
S2,K3-1280S-F1,SW_JS102011SAQN,77.4,-67.7,-90.0,top
S3,K3-1280S-F1,SW_JS102011SAQN,78.2,-29.7,-90.0,top
S4,K3-1280S-F1,SW_JS102011SAQN,86.05,-78.4,-90.0,top
S5,K3-1280S-F1,SW_JS102011SAQN,86.2,-67.7,-90.0,top
S6,K3-1280S-F1,SW_JS102011SAQN,87.8,-29.7,-90.0,top
S8,K3-1280S-F1,SW_JS102011SAQN,130.4,-34.35,180.0,top
S9,K3-1280S-F1,SW_JS102011SAQN,145.2,-34.35,180.0,top
U1,AD620ARZ-REEL7-REEL7,SOIC127P599X175-8N,118.095,-33.05,-90.0,top
U10,OPA2333AIDR,SOIC127P599X175-8N,120.97,-62.145,0.0,top
U11,OPA2333AIDR,SOIC127P599X175-8N,143.01,-61.955,0.0,top
U12,OPA2333AIDR,SOIC127P599X175-8N,160.8,-61.8,0.0,top
U13,OPA2333AIDR,SOIC127P599X175-8N,161.0625,-43.8,0.0,top
U2,TL072CDR,SOIC127P599X175-8N,143.42,-44.025,0.0,top
U3,TL072CDR,SOIC127P599X175-8N,103.725,-31.725,-90.0,top
U4,TL072CDR,SOIC127P599X175-8N,119.855,-44.725,0.0,top
U5,LM27762DSSR,DSS0012B,83.610125,-49.763993,-90.0,top
U6,ADS1115IDGSR,SOP50P490X110-10N,161.45,-29.7875,180.0,top
U7,INA333AIDGKR,SOP65P490X110-8N,119.0,-77.4,0.0,top
U8,OPA2333AIDR,SOIC127P599X175-8N,100.095,-73.02,0.0,top
U9,OPA2333AIDR,SOIC127P599X175-8N,102.4375,-55.87,-90.0,top
VR1,3362P-1-102LF,TRIM_3362P-1-102LF,129.8,-46.87,180.0,top
VR2,3362P-1-102LF,TRIM_3362P-1-102LF,130.1955,-65.435,180.0,top
